Fecha,Jugador 1,Jugador 2,Pendiente,Observaciones,S1 J1,S1 J2,S2 J1,S2 J2,STB J1,STB J2,Sets J1,Sets J2,Ganador,Perdedor,Tipo resultado,Resultado web,PTS J1,PTS J2,PTS Ganador,PTS Perdedor,Clave interna,ID partido
23/5/2026,Daniel Vega,Cristhian Linares,,Adelantado,6,2,2,6,2,10,1,1,Cristhian Linares,Daniel Vega,Super tie-break,Ganador Cristhian Linares 2-6 6-2 10-2,1,2,2,1,danielvega|cristhianlinares,2026-s2-b-cristhian-linares-daniel-vega
23/5/2026,Jose Astete,Felipe Reyes,si,Postergado,,,,,,,,,,,,,,,,,joseastete|felipereyes,2026-s1-a-felipe-reyes-jose-astete
23/5/2026,Diego Fossa,Nicolás Collao,,,7,5,6,4,,,2,0,Diego Fossa,Nicolás Collao,2 sets,Ganador Diego Fossa 7-5 6-4,3,0,3,0,diegofossa|nicoláscollao,2026-s1-a-diego-fossa-nicolas-collao
23/5/2026,Javier González,Genaro Espinoza,,,6,3,3,6,6,10,1,1,Genaro Espinoza,Javier González,Super tie-break,Ganador Genaro Espinoza 3-6 6-3 10-6,1,2,2,1,javiergonzález|genaroespinoza,2026-s1-b-genaro-espinoza-javier-gonzalez
23/5/2026,Matías Arellano,Hernán Bravo,,,4,6,6,7,,,0,2,Hernán Bravo,Matías Arellano,2 sets,Ganador Hernán Bravo 6-4 7-6,0,3,3,0,matíasarellano|hernánbravo,2026-s1-b-hernan-bravo-matias-arellano
23/5/2026,Oscar Morales,Gonzalo Barros,,,6,7,6,7,,,0,2,Gonzalo Barros,Oscar Morales,2 sets,Ganador Gonzalo Barros 7-6 7-6,0,3,3,0,oscarmorales|gonzalobarros,2026-s1-b-gonzalo-barros-oscar-morales
25/5/2026,Paulo Barrera,Aníbal Valenzuela,,,7,5,6,4,,,2,0,Paulo Barrera,Aníbal Valenzuela,2 sets,Ganador Paulo Barrera 7-5 6-4,3,0,3,0,paulobarrera|aníbalvalenzuela,2026-s1-c-anibal-valenzuela-paulo-barrera
30/5/2026,Genaro Espinoza,Gonzalo Barros,,Adelantado,6,3,6,3,,,2,0,Genaro Espinoza,Gonzalo Barros,2 sets,Ganador Genaro Espinoza 6-3 6-3,3,0,3,0,genaroespinoza|gonzalobarros,2026-s8-b-genaro-espinoza-gonzalo-barros
30/5/2026,Jose Astete,Claudio Aedo,,Adelantado ,6,1,6,4,,,2,0,Jose Astete,Claudio Aedo,2 sets,Ganador Jose Astete 6-1 6-4,3,0,3,0,joseastete|claudioaedo,2026-s12-a-claudio-aedo-jose-astete
30/5/2026,Tomás Gómez,Diego Fossa,si,Postergado,,,,,,,,,,,,,,,,,tomásgómez|diegofossa,2026-s2-a-diego-fossa-tomas-gomez
30/5/2026,Claudio Aedo,Felipe Reyes,si,Postergado,,,,,,,,,,,,,,,,,claudioaedo|felipereyes,2026-s2-a-claudio-aedo-felipe-reyes
30/5/2026,Angelo Basualto,Luis Flores,,,6,2,6,2,,,2,0,Angelo Basualto,Luis Flores,2 sets,Ganador Angelo Basualto 6-2 6-2,3,0,3,0,angelobasualto|luisflores,2026-s2-a-angelo-basualto-luis-flores
30/5/2026,Diego Cervantes,Oscar Morales,,,6,3,6,2,,,2,0,Diego Cervantes,Oscar Morales,2 sets,Ganador Diego Cervantes 6-3 6-2,3,0,3,0,diegocervantes|oscarmorales,2026-s2-b-diego-cervantes-oscar-morales
6/6/2026,Aníbal Valenzuela,Juan Muñoz,,Adelantado,2,6,0,6,,,0,2,Juan Muñoz,Aníbal Valenzuela,2 sets,Ganador Juan Muñoz 6-2 6-0,0,3,3,0,aníbalvalenzuela|juanmuñoz,2026-s9-c-anibal-valenzuela-juan-munoz
6/6/2026,María José Valladares,Catalina Valladares,,,4,6,7,6,5,10,1,1,Catalina Valladares,María José Valladares,Super tie-break,Ganador Catalina Valladares 6-4 6-7 10-5,1,2,2,1,maríajosévalladares|catalinavalladares,2026-s3-d-catalina-valladares-maria-jose-valladares
6/6/2026,Genaro Espinoza,Matías Arellano,,,6,1,6,2,,,2,0,Genaro Espinoza,Matías Arellano,2 sets,Ganador Genaro Espinoza 6-1 6-2,3,0,3,0,genaroespinoza|matíasarellano,2026-s3-b-genaro-espinoza-matias-arellano
6/6/2026,Loreto Pezoa,Kamila Riquelme,,,5,7,4,6,,,0,2,Kamila Riquelme,Loreto Pezoa,2 sets,Ganador Kamila Riquelme 7-5 6-4,0,3,3,0,loretopezoa|kamilariquelme,2026-s3-d-kamila-riquelme-loreto-pezoa
6/6/2026,Jaime Valdebenito,Gonzalo Barros,,,6,0,6,2,,,2,0,Jaime Valdebenito,Gonzalo Barros,2 sets,Ganador Jaime Valdebenito 6-0 6-2,3,0,3,0,jaimevaldebenito|gonzalobarros,2026-s3-b-gonzalo-barros-jaime-valdebenito
6/6/2026,Roy Minda,Hernán Medel,,,1,6,2,6,,,0,2,Hernán Medel,Roy Minda,2 sets,Ganador Hernán Medel 6-1 6-2,0,3,3,0,royminda|hernánmedel,2026-s3-c-hernan-medel-roy-minda
8/6/2026,Constanza Núñez,Juan Muñoz,,,1,6,1,6,,,0,2,Juan Muñoz,Constanza Núñez,2 sets,Ganador Juan Muñoz 6-1 6-1,0,3,3,0,constanzanúñez|juanmuñoz,2026-s3-c-constanza-nunez-juan-munoz
13/6/2026,Claudio Aedo,Marcelo López,,Adelantado,7,6,4,6,12,14,1,1,Marcelo López,Claudio Aedo,Super tie-break,Ganador Marcelo López 6-7 6-4 14-12,1,2,2,1,claudioaedo|marcelolópez,2026-s15-a-claudio-aedo-marcelo-lopez
13/6/2026,Daniel Vega,Oscar Morales,,Adelantado,6,3,6,3,,,2,0,Daniel Vega,Oscar Morales,2 sets,Ganador Daniel Vega 6-3 6-3,3,0,3,0,danielvega|oscarmorales,2026-s5-b-daniel-vega-oscar-morales
13/6/2026,Javier González,Hernán Bravo,si,Postergado ,,,,,,,,,,,,,,,,,javiergonzález|hernánbravo,2026-s4-b-hernan-bravo-javier-gonzalez
13/6/2026,Aníbal Valenzuela,César Maturana,,,6,2,2,6,10,4,1,1,Aníbal Valenzuela,César Maturana,Super tie-break,Ganador Aníbal Valenzuela 6-2 2-6 10-4,2,1,2,1,aníbalvalenzuela|césarmaturana,2026-s4-c-anibal-valenzuela-cesar-maturana
13/6/2026,Sara Salas,Kamila Riquelme,,,1,6,0,6,,,0,2,Kamila Riquelme,Sara Salas,2 sets,Ganador Kamila Riquelme 6-1 6-0,0,3,3,0,sarasalas|kamilariquelme,2026-s4-d-kamila-riquelme-sara-salas
13/6/2026,Luis Flores,Jose Astete,,,0,6,3,6,,,0,2,Jose Astete,Luis Flores,2 sets,Ganador Jose Astete 6-0 6-3,0,3,3,0,luisflores|joseastete,2026-s4-a-jose-astete-luis-flores
15/6/2026,Paulo Barrera,Mauricio Bustamante,,,4,6,1,6,,,0,2,Mauricio Bustamante,Paulo Barrera,2 sets,Ganador Mauricio Bustamante 6-4 6-1,0,3,3,0,paulobarrera|mauriciobustamante,2026-s4-c-mauricio-bustamante-paulo-barrera
20/6/2026,Juan Muñoz,Roy Minda,,Ganador por W.O de Roy,6,0,6,0,,,2,0,Juan Muñoz,Roy Minda,2 sets,Ganador Juan Muñoz 6-0 6-0,3,0,3,0,juanmuñoz|royminda,2026-s5-c-juan-munoz-roy-minda
20/6/2026,Angelo Basualto,Felipe Reyes,si,Postergado,,,,,,,,,,,,,,,,,angelobasualto|felipereyes,2026-s5-a-angelo-basualto-felipe-reyes
20/6/2026,Cristhian Linares,Diego Cervantes,,Retiro de Diego segundo set (6-7 2-3),6,7,6,3,10,0,1,1,Cristhian Linares,Diego Cervantes,Retiro,Ganador Cristhian Linares por retiro 6-7 6-3 10-0,2,1,2,1,cristhianlinares|diegocervantes,2026-s5-b-cristhian-linares-diego-cervantes
27/6/2026,Jose Astete,Marcelo López,,Adelantado,6,1,6,2,,,2,0,Jose Astete,Marcelo López,2 sets,Ganador Jose Astete 6-1 6-2,3,0,3,0,joseastete|marcelolópez,2026-s8-a-jose-astete-marcelo-lopez
27/6/2026,Angelo Basualto,Jose Astete,si,Postergado,,,,,,,,,,,,,,,,,angelobasualto|joseastete,2026-s6-a-angelo-basualto-jose-astete
27/6/2026,Genaro Espinoza,Jaime Valdebenito,si,Postergado,,,,,,,,,,,,,,,,,genaroespinoza|jaimevaldebenito,2026-s6-b-genaro-espinoza-jaime-valdebenito
27/6/2026,Catalina Valladares,Loreto Pezoa,si,Postergado,,,,,,,,,,,,,,,,,catalinavalladares|loretopezoa,2026-s6-d-catalina-valladares-loreto-pezoa
27/6/2026,Matías Arellano,Gonzalo Barros,,,6,7,7,6,10,8,1,1,Matías Arellano,Gonzalo Barros,Super tie-break,Ganador Matías Arellano 6-7 7-6 10-8,2,1,2,1,matíasarellano|gonzalobarros,2026-s6-b-gonzalo-barros-matias-arellano
27/6/2026,Cristhian Linares,Javier González,,,7,6,5,7,3,10,1,1,Javier González,Cristhian Linares,Super tie-break,Ganador Javier González 6-7 7-5 10-3,1,2,2,1,cristhianlinares|javiergonzález,2026-s6-b-cristhian-linares-javier-gonzalez
4/7/2026,Genaro Espinoza,Oscar Morales,,Adelantado,6,4,4,6,10,7,1,1,Genaro Espinoza,Oscar Morales,Super tie-break,Ganador Genaro Espinoza 6-4 4-6 10-7,2,1,2,1,genaroespinoza|oscarmorales,2026-s10-b-genaro-espinoza-oscar-morales
4/7/2026,Matías Arellano,Jaime Valdebenito,,Adelantado,2,6,1,6,,,0,2,Jaime Valdebenito,Matías Arellano,2 sets,Ganador Jaime Valdebenito 6-2 6-1,0,3,3,0,matíasarellano|jaimevaldebenito,2026-s15-b-jaime-valdebenito-matias-arellano
4/7/2026,María José Valladares,Kamila Riquelme,si,Postergado,,,,,,,,,,,,,,,,,maríajosévalladares|kamilariquelme,2026-s7-d-kamila-riquelme-maria-jose-valladares
4/7/2026,Hernán Bravo,Jaime Valdebenito,si,Postergado,,,,,,,,,,,,,,,,,hernánbravo|jaimevaldebenito,2026-s7-b-hernan-bravo-jaime-valdebenito
4/7/2026,Nicolás Collao,Marcelo López,,,6,2,6,3,,,2,0,Nicolás Collao,Marcelo López,2 sets,Ganador Nicolás Collao 6-2 6-3,3,0,3,0,nicoláscollao|marcelolópez,2026-s4-a-marcelo-lopez-nicolas-collao
4/7/2026,Diego Fossa,Claudio Aedo,,,6,1,6,2,,,2,0,Diego Fossa,Claudio Aedo,2 sets,Ganador Diego Fossa 6-1 6-2,3,0,3,0,diegofossa|claudioaedo,2026-s5-a-claudio-aedo-diego-fossa
4/7/2026,Sara Salas,Loreto Pezoa,,,2,6,6,3,5,10,1,1,Loreto Pezoa,Sara Salas,Super tie-break,Ganador Loreto Pezoa 6-2 3-6 10-5,1,2,2,1,sarasalas|loretopezoa,2026-s7-d-loreto-pezoa-sara-salas
4/7/2026,Paulo Barrera,Roy Minda,si,Postergado,,,,,,,,,,,,,,,,,paulobarrera|royminda,2026-s7-c-paulo-barrera-roy-minda
6/7/2026,Aníbal Valenzuela,Mauricio Bustamante,,,0,6,1,6,,,0,2,Mauricio Bustamante,Aníbal Valenzuela,2 sets,Ganador Mauricio Bustamante 6-0 6-1,0,3,3,0,aníbalvalenzuela|mauriciobustamante,2026-s7-c-anibal-valenzuela-mauricio-bustamante
6/7/2026,Hernán Medel,Constanza Núñez,,,6,0,7,5,,,2,0,Hernán Medel,Constanza Núñez,2 sets,Ganador Hernán Medel 6-0 7-5,3,0,3,0,hernánmedel|constanzanúñez,2026-s7-c-constanza-nunez-hernan-medel
11/7/2026,Angelo Basualto,Nicolás Collao,si,Postergado,,,,,,,,,,,,,,,,,angelobasualto|nicoláscollao,2026-s8-a-angelo-basualto-nicolas-collao
11/7/2026,César Maturana,Juan Muñoz,si,Postergado,,,,,,,,,,,,,,,,,césarmaturana|juanmuñoz,2026-s8-c-cesar-maturana-juan-munoz
11/7/2026,Oscar Morales,Cristhian Linares,,,2,6,5,7,,,0,2,Cristhian Linares,Oscar Morales,2 sets,Ganador Cristhian Linares 6-2 7-5,0,3,3,0,oscarmorales|cristhianlinares,2026-s8-b-cristhian-linares-oscar-morales
11/7/2026,Diego Cervantes,Daniel Vega,,,6,3,4,6,10,3,1,1,Diego Cervantes,Daniel Vega,Super tie-break,Ganador Diego Cervantes 6-3 4-6 10-3,2,1,2,1,diegocervantes|danielvega,2026-s8-b-daniel-vega-diego-cervantes
11/7/2026,Felipe Reyes,Luis Flores,,,6,1,6,1,,,2,0,Felipe Reyes,Luis Flores,2 sets,Ganador Felipe Reyes 6-1 6-1,3,0,3,0,felipereyes|luisflores,2026-s8-a-felipe-reyes-luis-flores
11/7/2026,Tomás Gómez,Claudio Aedo,,,6,3,7,5,,,2,0,Tomás Gómez,Claudio Aedo,2 sets,Ganador Tomás Gómez 6-3 7-5,3,0,3,0,tomásgómez|claudioaedo,2026-s8-a-claudio-aedo-tomas-gomez
11/7/2026,Catalina Valladares,Sara Salas,,,3,6,6,1,10,7,1,1,Catalina Valladares,Sara Salas,Super tie-break,Ganador Catalina Valladares 3-6 6-1 10-7,2,1,2,1,catalinavalladares|sarasalas,2026-s8-d-catalina-valladares-sara-salas
11/7/2026,Matías Arellano,Javier González,,,6,4,7,5,,,2,0,Matías Arellano,Javier González,2 sets,Ganador Matías Arellano 6-4 7-5,3,0,3,0,matíasarellano|javiergonzález,2026-s8-b-javier-gonzalez-matias-arellano
13/7/2026,Aníbal Valenzuela,Constanza Núñez,,Adelantado,6,1,7,5,,,2,0,Aníbal Valenzuela,Constanza Núñez,2 sets,Ganador Aníbal Valenzuela 6-1 7-5,3,0,3,0,aníbalvalenzuela|constanzanúñez,2026-s12-c-anibal-valenzuela-constanza-nunez
13/7/2026,Nicolás Collao,Luis Flores,,,6,4,6,4,,,2,0,Nicolás Collao,Luis Flores,2 sets,Ganador Nicolás Collao 6-4 6-4,3,0,3,0,nicoláscollao|luisflores,2026-s6-a-luis-flores-nicolas-collao
3/10/2026,Cristhian Linares,Gonzalo Barros,,,6,0,6,0,,,2,0,Cristhian Linares,Gonzalo Barros,W/O,Ganador Cristhian Linares por W/O 6-0 6-0,3,0,3,0,cristhianlinares|gonzalobarros,2026-s9-b-cristhian-linares-gonzalo-barros
3/10/2026,Felipe Reyes,Tomás Gómez,si,Por coordinar,,,,,,,,,,,,,,,,,felipereyes|tomásgómez,2026-s9-a-felipe-reyes-tomas-gomez
3/10/2026,Daniel Vega,Hernán Bravo,,,6,4,6,3,,,2,0,Daniel Vega,Hernán Bravo,2 sets,Ganador Daniel Vega 6-4 6-3,3,0,3,0,danielvega|hernánbravo,2026-s9-b-daniel-vega-hernan-bravo
3/10/2026,Sara Salas,María José Valladares,si,Por coordinar,,,,,,,,,,,,,,,,,sarasalas|maríajosévalladares,2026-s9-d-maria-jose-valladares-sara-salas
3/10/2026,Jaime Valdebenito,Diego Cervantes,si,Por coordinar,,,,,,,,,,,,,,,,,jaimevaldebenito|diegocervantes,2026-s9-b-diego-cervantes-jaime-valdebenito
3/10/2026,Diego Fossa,Jose Astete,si,Por coordinar,,,,,,,,,,,,,,,,,diegofossa|joseastete,2026-s9-a-diego-fossa-jose-astete
3/10/2026,Kamila Riquelme,Loreto Pezoa,si,Por coordinar,,,,,,,,,,,,,,,,,kamilariquelme|loretopezoa,2026-s9-d-kamila-riquelme-loreto-pezoa
3/10/2026,Hernán Medel,Paulo Barrera,si,Por coordinar,,,,,,,,,,,,,,,,,hernánmedel|paulobarrera,2026-s9-c-hernan-medel-paulo-barrera
3/10/2026,Roy Minda,Constanza Núñez,si,Por coordinar,,,,,,,,,,,,,,,,,royminda|constanzanúñez,2026-s9-c-constanza-nunez-roy-minda
3/10/2026,Oscar Morales,Jaime Valdebenito,,,4,6,1,6,,,0,2,Jaime Valdebenito,Oscar Morales,2 sets,Ganador Jaime Valdebenito 6-4 6-1,0,3,3,0,oscarmorales|jaimevaldebenito,2026-s14-b-jaime-valdebenito-oscar-morales
,,,,,,,,,,,,,,,,,,,,,|,
,,,,,,,,,,,,,,,,,,,,,|,
,,,,,,,,,,,,,,,,,,,,,|,
,,,,,,,,,,,,,,,,,,,,,|,
,,,,,,,,,,,,,,,,,,,,,|,
,,,,,,,,,,,,,,,,,,,,,|,
,,,,,,,,,,,,,,,,,,,,,|,
,,,,,,,,,,,,,,,,,,,,,|,
,,,,,,,,,,,,,,,,,,,,,|,
,,,,,,,,,,,,,,,,,,,,,|,
,,,,,,,,,,,,,,,,,,,,,|,
,,,,,,,,,,,,,,,,,,,,,|,
,,,,,,,,,,,,,,,,,,,,,|,
,,,,,,,,,,,,,,,,,,,,,|,
,,,,,,,,,,,,,,,,,,,,,|,
,,,,,,,,,,,,,,,,,,,,,|,
,,,,,,,,,,,,,,,,,,,,,|,
,,,,,,,,,,,,,,,,,,,,,|,
,,,,,,,,,,,,,,,,,,,,,|,
,,,,,,,,,,,,,,,,,,,,,|,
,,,,,,,,,,,,,,,,,,,,,|,
,,,,,,,,,,,,,,,,,,,,,|,
,,,,,,,,,,,,,,,,,,,,,|,
,,,,,,,,,,,,,,,,,,,,,|,
,,,,,,,,,,,,,,,,,,,,,|,
,,,,,,,,,,,,,,,,,,,,,|,
,,,,,,,,,,,,,,,,,,,,,|,
,,,,,,,,,,,,,,,,,,,,,|,
,,,,,,,,,,,,,,,,,,,,,|,
,,,,,,,,,,,,,,,,,,,,,|,
,,,,,,,,,,,,,,,,,,,,,|,
,,,,,,,,,,,,,,,,,,,,,|,
,,,,,,,,,,,,,,,,,,,,,|,
,,,,,,,,,,,,,,,,,,,,,|,
,,,,,,,,,,,,,,,,,,,,,|,
,,,,,,,,,,,,,,,,,,,,,|,
,,,,,,,,,,,,,,,,,,,,,|,
,,,,,,,,,,,,,,,,,,,,,|,
,,,,,,,,,,,,,,,,,,,,,|,
,,,,,,,,,,,,,,,,,,,,,|,
,,,,,,,,,,,,,,,,,,,,,|,
,,,,,,,,,,,,,,,,,,,,,|,
,,,,,,,,,,,,,,,,,,,,,|,
,,,,,,,,,,,,,,,,,,,,,|,
,,,,,,,,,,,,,,,,,,,,,|,
,,,,,,,,,,,,,,,,,,,,,|,
,,,,,,,,,,,,,,,,,,,,,|,
,,,,,,,,,,,,,,,,,,,,,|,
,,,,,,,,,,,,,,,,,,,,,|,
,,,,,,,,,,,,,,,,,,,,,|,
,,,,,,,,,,,,,,,,,,,,,|,
,,,,,,,,,,,,,,,,,,,,,|,
,,,,,,,,,,,,,,,,,,,,,|,
,,,,,,,,,,,,,,,,,,,,,|,