CATEGORIA A,,,
N°,Jugador,Puntos,Jugados
1,Jose Astete,9,3
2,Diego Fossa,6,2
3,Nicolás Collao,6,3
4,Felipe Reyes,3,1
5,Angelo Basualto,3,1
6,Tomás Gómez,3,1
7,Marcelo López,2,3
8,Claudio Aedo,1,4
9,Luis Flores,0,4
,,,
,,,
CATEGORIA B,,,
N°,Jugador,Puntos,Jugados
1,Cristhian Linares,11,5
2,Genaro Espinoza,10,4
3,Jaime Valdebenito,9,3
4,Daniel Vega,8,4
5,Diego Cervantes,6,3
6,Matías Arellano,5,5
7,Gonzalo Barros,4,5
8,Hernán Bravo,3,2
9,Javier González,3,3
10,Oscar Morales,1,6
,,,
,,,
CATEGORIA C,,,
N°,Jugador,Puntos,Jugados
1,Juan Muñoz,9,3
2,Mauricio Bustamante,6,2
3,Hernán Medel,6,2
4,Aníbal Valenzuela,5,5
5,Paulo Barrera,3,2
6,César Maturana,1,1
7,Roy Minda,0,2
8,Constanza Núñez,0,3
,,,
,,,
CATEGORIA D,,,
N°,Jugador,Puntos,Jugados
1,Kamila Riquelme,6,2
2,Catalina Valladares,4,2
3,Loreto Pezoa,2,2
4,Sara Salas,2,3
5,María José Valladares,1,1